Unnamed: 0,No,Publication,Authors,Year,Type of paper,Journal,Type of study,Pre-prints,DOI,Used?,Partially?,Method,Hybridisation,"1. Objectives (purpose, model outputs, aims of experimentation)","2. Logic (base model overview diagram, base model logic, scenario logic, algorithms, components)","3. Data (data sources, input parameters, preprocessing, assumptions","4. Experimentation (initialisation, run length, estimation approach)","5. Implementation (software and programming language, random sampling, model execution, system specification)",6. Code access (computer model sharing statement),Source code access,Software,Application area,Case study,Note,Appendix,Questions to be asked from authors / experts,...27,Fatemeh's Note
1,1,How simulation modelling can help reduce the impact of COVID-19,"Currie, Christine SM, John W. Fowler, Kathy Kotiadis, Thomas Monks, Bhakti Stephan Onggo, Duncan A",2020.0,Journal,Journal of Simulation,Discussion,No,https://www.tandfonline.com/doi/pdf/10.1080/17477778.2020.1751570,No,,,,,,,,,,,,,,,,,,Providing one good practices in using STRESS for each simulation method
2,2,"The ODD protocol for describing agent-based and other simulation models: A second update to improve clarity, replication, and structural realism","Grimm, V., Railsback, S.F., Vincenot, C.E., Berger, U., Gallagher, C., Deangelis, D.L., Edmonds, B., Ge, J., Giske, J., Groeneveld, J., Johnston, A.S.A., Milles, A., Nabe-Nielsen, J., Polhill, J.G., Radchuk, V., Rohwäder, M.S., Stillman, R.A., Thiele, J.C. and Ayllón, D.",2020.0,Journal,Journal of Artificial Societies and Social Simulation,Guideline,No,http://eprints.bournemouth.ac.uk/33918/1/7.pdf,No,,,,,,,,,,,,,,,,,,"Disparate use of the guideline's elements in text, can't see what is the reason for not following the sequence! It might be due to the journal structure? (anyway, is it important to follow the sequence of the elements?)"
3,3,Operational Research: methods and applications,"Fotios Petropoulos, Gilbert Laporte, Emel Aktas, Sibel A. Alumur, Claudia Archetti, Hayriye Ayhan,Maria Battarra,Julia A. Bennell,Jean-Marie Bourjolly,John E. Boylan,Michèle Breton,David Canca,Laurent Charlin,Bo Chen,Cihan Tugrul Cicek,Louis Anthony Cox Jr,Christine S.M. Currie,Erik Demeulemeester,Li Ding,Stephen M. Disney,Matthias Ehrgott,Martin J. Eppler,Güne? Erdo?an,Bernard Fortz,L. Alberto Franco,Jens Frische,Salvatore Greco,Amanda J. Gregory,Raimo P. Hämäläinen,Willy Herroelen,Mike Hewitt,Jan Holmström,John N. Hooker,Tu?çe I??k,Jill Johnes,Bahar Y. Kara,Özlem Karsu,Katherine Kent,Charlotte Köhler,Martin Kunc, Yong-Hong Kuo,Adam N. Letchford,Janny Leung,Dong Li,Haitao Li,Judit Lienert,Ivana Ljubi?,Andrea Lodi,Sebastián Lozano,Virginie Lurkin,Silvano Martello,Ian G. McHale,Gerald Midgley,John D.W. Morecroft,Akshay Mutha,Ceyda O?uz,Sanja Petrovic,Ulrich Pferschy,Harilaos N. Psaraftis,Sam Rose,Lauri Saarinen,Said Salhi,Jing-Sheng Song,Dimitrios Sotiros,Kathryn E. Stecke,Arne K. Strauss,?stenç Tarhan,Clemens Thielen,Paolo Toth,Tom Van Woensel,Greet Vanden Berghe,Christos Vasilakis,Vikrant Vaze,Daniele Vigo,Kai Virtanen,Xun Wang,Rafa? Weron,Leroy White,Mike Yearworth,E. Alper Y?ld?r?m,Georges Zaccour & Xuying Zhao",2024.0,Journal,Journal of the Operational Research Society,Tutorial,No,https://www.tandfonline.com/doi/pdf/10.1080/01605682.2023.2253852,No,,,,,,,,,,,,,,,,,,Study No 43 contains useful information for extending the guideline to incoroprate hybrid simulation ABM+SD (a conceptual framework for hybrid ABM-SD models)
4,4,Extensions of fuzzy cognitive maps: a systematic review,"Schuerkamp, Ryan, and Philippe J. Giabbanelli",2023.0,Journal,ACM Computing Surveys,LR,No,https://dl.acm.org/doi/pdf/10.1145/3610771,No,,,,,,,,,,,,,,,,,,
5,5,Estimation of Viral Aerosol Emissions From Simulated Individuals With Asymptomatic to Moderate Coronavirus Disease 2019,"Riediker, Michael, and Dai-Hua Tsai",2020.0,Journal,JAMA,Empirical,No,https://jamanetwork.com/journals/jamanetworkopen/articlepdf/2768712/riediker_2020_oi_200522.pdf,Yes,,MonteCarlo,,Purpose,No,"Data sources, input parameters",No,No,No,,,Healthcare,COVID-19 transmission,,,,,
6,6,Hybrid models as transdisciplinary research enablers,"Tolk, Andreas, Alison Harper, and Navonil Mustafee",2021.0,Journal,European Journal of Operational Research,Discussion,No,https://www.sciencedirect.com/science/article/pii/S0377221720308869,No,,,,,,,,,,,,,,,,,,
7,7,Facets of trust in simulation studies,"Harper, Alison, Navonil Mustafee, and Mike Yearworth",2021.0,Journal,European Journal of Operational Research,Discussion,No,https://www.sciencedirect.com/science/article/pii/S0377221720306019,No,,,,,,,,,,,,,,,,,,
8,8,Developing sustainable tourism destinations through smart technologies: A system dynamics approach,"Shafiee, Sanaz, Saeed Jahanyan, Ali Rajabzadeh Ghatari, and Alireza Hasanzadeh",2023.0,Journal,Journal of Simulation,Empirical,No,https://www.tandfonline.com/doi/pdf/10.1080/17477778.2022.2030656,Yes,Yes,SD,,,Yes,"Date sources, and input parameters",Initialisation,Software,No,,Vensim,Tourism,Evaluating different policies for sustainable tourism,"Variables, initial value, equations, sources and links",,,,
9,9,FACS: A geospatial agent-based simulator for analysing COVID-19 spread and public health measures on local regions,"Imran Mahmood, Hamid Arabnejad, Diana Suleimenova, Isabel Sassoon, Alaa Marshan, Alan Serrano-Rico, Panos Louvieris, Anastasia Anagnostou, Simon J E Taylor, David Bell
 & Derek Groen",2022.0,Journal,Journal of Simulation,Empirical,No,https://doi.org/10.1080/17477778.2020.1800422,No,,,,,,,,,,,,,,,,,,
10,10,Beyond ratios - flexible and resilient nurse staffing options to deliver cost-effective hospital care and address staff shortages: A simulation and economic modelling study,"Griffiths, Peter, Christina Saville, Jane E. Ball, Jeremy Jones, Thomas Monks, and Safer Nursing Care Tool study team",2021.0,Journal,International Journal of Nursing Studies,Empirical,No,https://doi.org/10.1016/j.ijnurstu.2021.103901,Yes,,ABS,,Yes,Yes,Yes,Yes,Yes,Yes,Upon request,AnyLogic,Healthcare,Nurse staffing,,Yes - STRESS description,,,
11,11,Keeping modelling notebooks with TRACE: Good for you and good for environmental research and management support,"Daniel Ayllon, Steven F. Railsback, Cara Gallagher, Jacqueline Augusiak, Hans Baveco, Uta Berger, Sandrine Charles, Romina Martin, Andreas Focks, Nika Galic, Chun Liu, E. Emiel van Loon, Jacob Nabe-Nielsen, Cyril Piou, J. Gareth Polhill, Thomas G. Preuss, Viktoriia Radchuk, Amelie Schmolke, Julita Stadnicka-Michalak, Pernille Thorbek, Volker Grimm",2021.0,Journal,Environmental Modelling & Software,Guideline,No,https://doi.org/10.1016/j.envsoft.2020.104932,No,,,,,,,,,,,,,,,,,,
12,12,Designing optimal COVID-19 testing stations locally: A discrete event simulation model applied on a university campus,"Saidani, Michael, Harrison Kim, and Jinju Kim",2021.0,Journal,PloS one,Empirical,No,https://doi.org/10.1371/journal.pone.0253869,Yes,,DES,,Yes,Yes,Yes,Yes,Yes,Yes,Yes,AnyLogic,Healthcare,COVID-19 testing stations on a university campus,,Yes - checklist,,,
13,13,A predictive model for the post-pandemic delay in elective treatment,"Nehme, Romy, Alena Puchkova, and Ajith Parlikad",2022.0,Journal,Operations Research for Health Care,Empirical,No,https://doi.org/10.1016/j.orhc.2022.100357,Yes,Yes,DES,,Yes,Yes,Yes,Yes,Yes,No,,Arena,Healthcare,Prioritising patients for elective treatments - quiantification of the expected backlog and predict the delays - Endoscopy waiting list at Cambridge University Hospitals,,,,,
14,14,Simulating emergency patient flow during the COVID-19 pandemic,"Bovim, Thomas Reiten, Anders N. Gullhav, Henrik Andersson, Jostien Dale, and Kjetil Karlsen",2023.0,Journal,Journal of Simulation,Empirical,No,https://doi.org/10.1080/17477778.2021.2015259,Yes,Yes,DES,,Purpose,"Model logic, and components","Assumptions, input parameters","Initialisation, run length","Software, system specification",No,,Python (Simpy),Healthcare,Resource (ambulance) requirements during the pandemic,,,,,
15,15,RAT-RS: a reporting standard for improving the documentation of data use in agent-based modelling,"Achter, Sebastian, Melania Borit, Edmund Chattoe-Brown, and Peer-Olaf Siebers",2022.0,Journal,International journal of social research methodology,Guideline,No,https://doi.org/10.1080/13645579.2022.2049511,No,,,,,,,,,,,,,,They argue about the validation process to be included in the guideline,,,,
16,16,Generative AI and simulation modeling: how should you (not) use large language models like ChatGPT,"Akhavan, Ali, and Mohammad S. Jalali",2023.0,Journal,System Dynamics Review,Discussion,No,https://doi.org/10.1002/sdr.1773,No,,,,,,,,,,,,,,,,,,
17,17,"Biomechanical finite element analysis of short-implant-supported, 3-unit, fixed CAD/CAM prostheses in the posterior mandible","Zupancic Cepic, Lana, Martin Frank, Andreas Reisinger, Dieter Pahr, Werner Zechner, and Andreas Schedle",2022.0,Journal,International journal of implant dentistry,Empirical,No,https://doi.org/10.1186/s40729-022-00404-8,No,,,,,,,,,,,,,,,,,,
18,18,Priority-based replenishment policy for robotic dispensing in central fill pharmacy systems: a simulation-based study,"Cao, Nieqing, Austin Marcus, Lubna Altarawneh, and Soongeol Kwon",2023.0,Journal,Health Care Management Science,Empirical,No,https://doi.org/10.1007/s10729-023-09630-x,Yes,,DES,,Yes,Yes,Yes,Yes,Yes,Yes,Cannot be shared due to confidential reason,Emulator3D,Healthcare,Replenishment in robotic dispensing pharmacy,,Yes - checklist,,,
19,19,Modeling Patient Flow in an Emergency Department under COVID-19 Pandemic Conditions: A Hybrid Modeling Approach,"Terning, Gaute, Eric Christian Brun, and Idriss El-Thalji",2022.0,Journal,Healthcare,Empirical,No,https://www.mdpi.com/2227-9032/10/5/840/pdf,Yes,Yes,Hybrid,DES+ABS,"Purpose, model outcome","Base model overview diagram, components, algorithms",Yes,Yes,"Software, model execution?",No,,AnyLogic,Healthcare,ED of a hospital in Norway,"They quite used most of the components of STRESS although most of the parts have been found in their Rander's model framework, rather than where they claimed about STRESS",,,,
20,20,The application of modeling and simulation to public health: Assessing the quality of Agent-Based Models for obesity,"Giabbanelli, Philippe J., Boone Tison, and James Keith",2021.0,Journal,SMPT,LR,No,https://doi.org/10.1016/j.simpat.2020.102268,No,,,,,,,,,,,,,,,,,,
21,21,A framework for considering the utility of models when facing tough decisions in public health: a guideline for policy-makers,"Jason Thompson, Roderick McClure, Nick Scott, Margaret Hellard, Romesh Abeysuriya, Rajith Vidanaarachchi, John Thwaites, Jeffrey V. Lazarus, John Lavis, Susan Michie, Chris Bullen, Mikhail Prokopenko, Sheryl L. Chang, Oliver M. Cliff, Cameron Zachreson, Antony Blakely, Tim Wilson, Driss Ait Ouakrim & Vijay Sundararajan",2022.0,Journal,Health Research Policy and Systems,Conceptual,No,https://doi.org/10.1186/s12961-022-00902-6,No,,,,,,,,,,,,,,,,,,
22,22,A simulation modelling toolkit for organising outpatient dialysis services during the COVID-19 pandemic,"Allen, Michael, Amir Bhanji, Jonas Willemsen, Steven Dudfield, Stuart Logan, and Thomas Monks",2020.0,Journal,Plos one,Empirical,No,https://doi.org/10.1371/,Yes,Yes,DES,,All but aims of experimentations,"Base model logic and diagram, scenario logic, algorithms","Data sources, input parameters",Estimation approach,"Software, system specification",Yes,Yes,Python (Simpy),Healthcare,To stress-test plans for dialysis provision throughout COVID-19 in the South of England,,,,,
23,23,Applying Discrete Event Simulation to Reduce Patient Wait Times and Crowding: The Case of a Specialist Outpatient Clinic with Dual Practice System,"Fun, Weng Hong, Ee Hong Tan, Ruzelan Khalid, Sondi Sararaks, Kar Foong Tang, Iqbal Ab Rahim, Shakirah Md. Sharif, Suhana Jawahir, Raoul Muhammad Yusof Sibert, and Mohd Kamal Mohd Nawawi",2022.0,Journal,Healthcare,Empirical,No,https://doi.org/10.3390/healthcare10020189,Yes,Yes,DES,,Yes,Yes,Yes,Run length,"Software, random sampling,",No,,Flexim,Healthcare,Outpatient clinic,,Yes,,,
24,24,The value of triage during periods of intense COVID-19 demand: Simulation modeling study,"Wood, Richard M., Adrian C. Pratt, Charlie Kenward, Christopher J. McWilliams, Ross D. Booton, Matthew J. Thomas, Christopher P. Bourdeaux, and Christos Vasilakis",2021.0,Journal,Medical Decision Making,Empirical,No,https://doi.org/10.1177/0272989X21994035,Yes,Yes,DES,,Yes,"Base model diagram, base model logic, scenario logic, algorithms",Yes,Yes,Yes,Yes,Yes,R,Healthcare,Prioritising patient for triage,,Yes,,,
25,25,COVID-19 scenario modelling for the mitigation of capacity-dependent deaths in intensive care,"Wood, Richard M., Christopher J. McWilliams, Matthew J. Thomas, Christopher P. Bourdeaux, and Christos Vasilakis",2020.0,Journal,Health Care Management Science,Empirical,No,https://doi.org/10.1007/s10729-020-09511-7,Yes,,DES,,Yes,Yes,Yes,Yes,Yes,Yes,Yes,R,Healthcare,COVID-19 patinents' admission process,The STRESS study is fully used but not cited - however showed up in the cited results!! Confusing!!!,Yes - checklist,,,
26,26,Pitfalls and potentials in simulation studies: Questionable research practices in comparative simulation studies allow for spurious claims of superiority of any method,"Pawel, Samuel, Lucas Kook, and Kelly Reeve",2022.0,Journal,Biometrical Journal,Discussion,No,https://doi.org/10.1002/bimj.202200091,No,,,,,,,,,,,,,,,,,,
27,27,"Automatic reuse, adaption, and execution of simulation experiments via provenance patterns","Wilsdorf, Pia, Anja Wolpers, Jason Hilton, Fiete Haack, and Adelinde Uhrmacher",2023.0,Journal,ACM Transactions on Modeling and Computer Simulation,Discussion,No,https://doi.org/10.1145/3564928,No,,,,,,,,,,,,,,,,,,
28,28,The Safer Nursing Care Tool as a guide to nurse staffing requirements on hospital wards: observational and modelling study,"Griffiths P, Saville C, Ball JE, Chable R, Dimech A, Jones J, Jeffrey Y, Pattison N, Saucedo AR, Sinden N, Monks T",2020.0,Journal,Health and Social Care Delivery Research,Empirical,No,https://europepmc.org/article/MED/32223117/NBK555320#free-full-text,Yes,,ABS,,Yes,Yes,Yes,Yes,Yes,Yes,Cannot be accessed anymore!,AnyLogic,Healthcare,Nurse staffing,,Yes,,,
29,29,Modeling the recovery of elective waiting lists following COVID-19: scenario projections for England,"Howlett, Nicholas C., and Richard M. Wood",2022.0,Journal,Value in Health,Empirical,No,https://doi.org/10.1016/j.jval.2022.06.016,Yes,Yes,DES,,Yes,Yes,All but assumptions,Yes,Yes,Yes,Upon request,R,Healthcare,Elective COVID-19 waiting lists,,Yes - checklist,,,
30,30,Using discrete event simulation to explore food wasted in the home,"Kandemir, Cansu, Christian Reynolds, Quested Tom, Karen Fisher, Rachel Devine, Estelle Herszenhorn, SC Lenny Koh, and David Evans",2022.0,Journal,Journal of Simulation,Empirical,No,https://doi.org/10.1080/17477778.2020.1829515,Yes,Yes,DES,,"Purpose, model outputs",Yes,All but preprocessing,Yes,All but model execution,Yes,Yes,Arena,Food industry,Household food waste,,,,,
31,31,"Automatic reuse, adaption, and execution of simulation experiments via provenance patterns","Wilsdorf, Pia, Anja Wolpers, Jason Hilton, Fiete Haack, and Adelinde Uhrmacher",2023.0,Journal,ACM Transactions on Modeling and Computer Simulation,Discussion,No,https://doi.org/10.1145/3564928,DP,,,,,,,,,,,,,,,,,,
32,32,Costs and consequences of using average demand to plan baseline nurse staffing levels: a computer simulation study,"Saville, Christina, Thomas Monks, Peter Griffiths, and Jane Elisabeth Ball",2021.0,Journal,BMJ quality & safety,Empirical,No,https://doi.org/10.1136/bmjqs-2019-010569,Yes,,ABS,,Yes,Yes,Yes,Yes,Yes,Yes,Upon request,AnyLogic,Healthcare,Nurse staffing,,Yes,,,
33,33,Improving the usability of open health service delivery simulation models using Python and web apps,"Monks, Thomas, and Alison Harper",2023.0,Journal,NIHR Open Research,Empirical,No,https://doi.org/10.3310%2Fnihropenres.13467.1,No,,,,,,,,,,,,,,,,,,
34,34,Relating simulation studies by provenance Developing a family of Wnt signaling models,"Budde, Kai, Jacob Smith, Pia Wilsdorf, Fiete Haack, and Adelinde M. Uhrmacher",2021.0,Journal,PLOS Computational Biology,Empirical,No,https://doi.org/10.1371/journal.pcbi.1009227,No,,,,,,,,,,,,,,,,,,
35,35,FACS-CHARM: A Hybrid Agent-Based and Discrete-Event Simulation Approach for Covid-19 Management at Regional Level,"Anagnostou A, Groen D, Taylor SJ, Suleimenova D, Abubakar N, Saha A, Mintram K, Ghorbani M, Daroge H, Islam T, Xue Y",2022.0,Conference,Winter Simulation Conference,Empirical,No,https://doi.org/10.1109/WSC57314.2022.10015462,No,,,,,,,,,,,,,,,,,,
36,36,Integrated master surgery and outpatient clinic scheduling,"Bovim, Thomas Reiten, Anita Abdullahu, Henrik Andersson, and Anders N. Gullhav",2022.0,Journal,Operations Research for Health Care,Empirical,No,https://doi.org/10.1016/j.orhc.2022.100358,Yes,Yes,DES,,Yes,Yes,Input parameters,"Initialisation, run length",Yes,No,,Python (Simpy),Healthcare,Outpatient clinic scheduling,,Yes,,,
37,37,Climate change adaptation in rural South Africa: Using stakeholder narratives to build system dynamics models in data-scarce environments,"Carnohan, Shane A., Jai K. Clifford-Holmes, Hugo Retief, Ursula S. McKnight, and Sharon Pollard",2020.0,Journal,Journal of Simulation,Empirical,No,https://doi.org/10.1080/17477778.2020.1762516,Yes,,SD,,Yes,Yes,Yes,Yes,Yes,Yes,Yes,Stella,Water resources management,Climate change adaption,,Yes,,,
38,38,Towards generic modelling of hospital wards: Reuse and redevelopment of simple models,"Penn, Marion L., Thomas Monks, Anna A. Kazmierska, and M. R. A. R. Alkoheji",2020.0,Journal,Journal of Simulation,Empirical,No,https://doi.org/10.1080/17477778.2019.1664264,Yes,,DES,,Yes,Yes,Yes,Yes,Yes,Yes,Yes,Simul8,Healthcare,Hospital wards (generic model),,Yes,,,
39,39,"Agent-based model of the Russian banking system: Calibration for maturity, interest rate spread, credit risk, and capital regulation","Ermolova, Maria, Andrey Leonidov, Vladimir Nechitailo, Henry Penikas, Nikolay Pilnik, and Ekaterina Serebryannikova",2021.0,Journal,Journal of Simulation,Empirical,No,https://doi.org/10.1080/17477778.2020.1774430,No,,,,,,,,,,,,,,,,,,
40,40,"Microsimulation model for prevention and intervention of coloretal cancer in China (MIMIC-CRC): development, calibration, validation, and application","Lu, Bin, Le Wang, Ming Lu, Yuhan Zhang, Jie Cai, Chenyu Luo, Hongda Chen, and Min Dai",2022.0,Journal,Frontiers in Oncology,Empirical,No,https://doi.org/10.3389/fonc.2022.883401,Yes,Yes,Microsimulation,,Yes,All but components and algorithms,All but preprocessing,Yes,software and programming language,No,,R,Healthcare,Cancer screnning,Not quite sure about the simulation model,Yes,,,
41,41,In silico structure-based designers of therapeutic targets for diabetes mellitus or obesity: A protocol for systematic review,"Gomes, Ana Francisca Teixeira, Wendjilla Fortunato de Medeiros, Gerciane Silva de Oliveira, Isaiane Medeiros, Juliana Kelly da Silva Maia, Ingrid Wilza Leal Bezerra, Grasiela Piuvezam, and Ana Heloneida de Araújo Morais",2022.0,Journal,Plos one,LR,No,https://doi.org/10.1371/journal.pone.0279039,No,,,,,,,,,,,,,,,,,,
42,42,Insights into the computer-aided drug design and discovery based on anthraquinone scaffold for cancer treatment: A systematic review,"Chua, Hui Ming, Said Moshawih, Nurolaini Kifli, Hui Poh Goh, and Long Chiau Ming",2024.0,Journal,Plos one,LR,No,https://doi.org/10.1371/journal.pone.0301396,No,,,,,,,,,,,,,,,,,,
43,43,A framework for conceptualising hybrid system dynamics and agent-based simulation models,"Howick, Susan, and Itamar Megiddo",2024.0,Journal,European Journal of Operational Research,Empirical,No,https://doi.org/10.1016/j.ejor.2024.01.027,No,,,,,,,,,,,,,,,,,,
44,44,Computer model and code sharing practices in healthcare discrete-event simulation: a systematic scoping review,"Monks, Thomas, and Alison Harper",2023.0,Journal,Journal of Simulation,LR,No,https://doi.org/10.1080/17477778.2023.2260772,No,,,,,,,,,,,,,,,,,,
45,45,Capacity and patient flow planning in post-term pregnancy outpatient clinics: a computer simulation modelling study,"Viana, Joe, Tone Breines Simonsen, Hildegunn E. Faraas, Nina Schmidt, Fredrik A. Dahl, and Kari Flo",2020.0,Journal,BMC Health Services Research,Empirical,No,https://doi.org/10.1186/s12913-020-4943-y,Yes,,Hybrid,ABS+DES,"Purpose, model outcomes","Base model diagram and logic, components",Yes,Yes,All but system spec,No,,R,Healthcare,Patient flow planning,,,,,
46,46,Aiding the development of the conceptual model for hybrid simulation: Representing the modelling frame,"Jones, William, Kathy Kotiadis, Jesse R. OHanley, and Stewart Robinson",2022.0,Journal,Journal of the Operational Research Society,Conceptual,No,https://doi.org/10.1080/01605682.2021.2018368,No,,,,,,,,,,,,,,,,,,
47,47,Tutorial on agent-based modeling and simulation: ABM design for the zombie apocalypse,"Macal, Charles M",2018.0,Conference,Winter Simulation Conference,Tutorial on ABM,No,https://doi.org/10.1109/WSC.2018.8632240,No,,,,,,,,,,,,,,,,,,
48,48,A simulation-optimization approach for measuring emergency department resilience in times of crisis,"Farahi, Sorour, and Khodakaram Salimifard",2021.0,Journal,Operations Research for Health Care,Empirical,No,https://doi.org/10.1016/j.orhc.2021.100326,Yes,Yes,DES,,Yes,Yes,Yes,Yes,All but software,No,,?,Healthcare,ED,,,,,
49,49,"Context, Composition, Automation, and Communication - The C2AC Roadmap for Modeling and Simulation","Uhrmacher AM, Frazier P, Hahnle R, Klugl F, Lorig F, Ludascher B, Nenzi L, Ruiz-Martin C, Rumpe B, Szabo C, Wainer G.",2023.0,Journal,ACM Transactions on Modeling and Computer Simulation,Discussion,No,https://doi.org/10.1145/3673226,No,,,,,,,,,,,,,,,,,,
50,50,Development and application of simulation modelling for orthopaedic elective resource planning in England,"Harper A, Monks T, Wilson R, Redaniel MT, Eyles E, Jones T, Penfold C, Elliott A, Keen T, Pitt M, Blom A",2023.0,Journal,BJM,Empirical,No,https://doi.org/10.1136/bmjopen-2023-076221,Yes,,DES,,Yes,Yes,Yes,Yes,Yes,Yes,Yes,Python,Healthcare,Orthopaedic resource planning,,,,,
51,51,Intubation Biomechanics: Clinical Implications of Computational Modeling of Intervertebral Motion and Spinal Cord Strain during Tracheal Intubation in an Intact Cervical Spine ,"Gadomski, Benjamin C., Bradley J. Hindman, Mitchell I. Page, Franklin Dexter, and Christian M. Puttlitz",2021.0,Journal,Anesthesiology,Empirical,No,https://doi.org/10.1097/ALN.0000000000004024,Yes,Yes,?,,,,,,,,,ABAQUS,Biomechanics,Motion and spinal cord strain,"They just claimed the use of guideline, I did not find evidence of using",,,,
52,52,Agent-based modeling and simulation for business and management: a review and tutorial,"Onggo, Bhakti Stephan, and Joel Foramitti",2021.0,Journal,Winter Simulation Conference,LR,No,https://doi.org/10.1109/WSC52266.2021.9715352,No,,,,,,,,,,,,,,,,,,
53,53,The impact of scaling up cervical cancer screening and treatment services among women living with HIV in Kenya: a modelling study,"Perez-Guzman, Pablo Noel, Michael Hoonbae Chung, Hugo De Vuyst, Shona Dalal, Kennedy K. Mutai, Karanja Muthoni, Bartilol Kigen, Nduku Kilonzo, Timothy B. Hallett, and Mikaela Smit",2020.0,Journal,BJM,Empirical,No,https://doi.org/10.1136/bmjgh-2019-001886,Yes,,,,Yes,Yes,Yes,Yes,Yes,Yes,Upon request,C++,Healthcare,Screening disease,,Yes - checklist,,,
54,54,Exploratory analysis using discrete event simulation modelling of the wait times and service costs associated with the maximum wait time guarantee policy applied in a rheumatology central intake clinic,"Tagimacruz, Toni, Monica Cepoiu-Martin, and Deborah A. Marshall",2023.0,Journal,Health Systems,Empirical,No,https://doi.org/10.1080/20476965.2023.2219293,Yes,,DES,,Yes,Yes,Yes,Yes,Yes,No,,Arena,Healthcare,Rheumatology patient flow,,,,,
55,55,Theory development via replicated simulations and the added value of standards,"Hauke, Jonas, Sebastian Achter, and Matthias Meyer",2020.0,Journal,The journal of artificial societies and social simulation,Replication,No,https://doi.org/10.15480/882.2679,No,,,,,,,,,,,,,,,,,,
56,56,Addressing the diagnostic gap in hypertension through possible interventions and scale-up: A microsimulation study,"Koeppel, L., Dittrich, S., Brenner Miguel, S., Carmona, S., Ongarello, S., Vetter, B., Cohn, J.E., Baernighausen, T., Geldsetzer, P., Denkinger, C.M. and HPACC Consortium",2022.0,Journal,Plos Medicine,Empirical,No,https://doi.org/10.1371/journal.pmed.1004111,Yes,,Microsimulation,,Yes,Yes,Yes,Yes,Yes,Yes,Yes,Python,Healthcare,Screening disease,,Yes - checklist,,,
57,57,What Is Cognitive Operations?,Katsikopoulos,2023.0,Book,Cognitive Operations: Models that Open the Black Box and Predict our Decisions,Book chapter,No,,No,,,,,,,,,,,,,,,,,,
58,58,Designing a Data Science simulation with MERITS: A Primer,"Elliott, Corrine F., James Duncan, Tiffany M. Tang, Merle Behr, Karl Kumbier, and Bin Yu",2024.0,Preprint,arXiv,Guideline for simulation in DS,Yes,https://doi.org/10.48550/arXiv.2403.08971,No,,,,,,,,,,,,,,,,,,
59,59,"Crisis, what crisis-does reproducibility in modeling & simulation really matter?","Taylor, Simon JE, Tillal Eldabi, Thomas Monks, Markus Rabe, and Adelinde M. Uhrmacher",2018.0,Conference,Winter Simulation Conference,Discussion,No,https://doi.org/10.1109/WSC.2018.8632232,No,,,,,,,,,,,,,,,,,,
60,60,System dynamics models of depression at the population level: a scoping review,"Graham, Eva, Genevieve Gariepy, and Heather Orpana",2023.0,Journal,Health Research Policy and Systems,LR,No,https://doi.org/10.1186/s12961-023-00995-7,No,,,,,,,,,,,,,,,,,,
61,61,A survey on agent-based modelling assisted by machine learning,"Platas Lopez, Alejandro, Alejandro Guerra Hernandez, Marcela Quiroz Castellanos, and Nicandro Cruz Ramirez",2023.0,Journal,Expert Systems,LR,No,https://doi.org/10.1111/exsy.13325,No,,,,,,,,,,,,,,,,,,
62,62,Replicability of simulation studies for the investigation of statistical methods: the RepliSims project,"Luijken K, Lohmann A, Alter U, Claramunt Gonzalez J, Clouth FJ, Fossum JL, Hesen L, Huizing AH, Ketelaar J, Montoya AK, Nab L.",2024.0,Journal,Royal Society Open Science,Empirical - replication,No,https://doi.org/10.1098/rsos.231003,No,,,,,,,,,,,,,,,,,,
63,63,Impact of Record-Linkage Errors in Covid-19 Vaccine-Safety Analyses using German Health-Care Data: A Simulation Study,"Denz, Robin, Katharina Meiszl, Peter Ihle, Doris Oberle, Ursula Drechsel-Bäuerle, Katrin Scholz, Ingo Meyer, and Nina Timmesfeld",2023.0,Preprint,arXiv,Empirical - replication,Yes,https://doi.org/10.48550/arXiv.2310.15016,Yes,Yes,Monte-Carlo simulation,,"Purpose, model output",Base model logic,"Input parameters, assumpotions","Run length, estimation approach",Software,No,,R,Healthcare,,It seems they found STRESS-DES closer to MonteCarlo documentation,,,,
64,64,Modelling a Computed Tomography service using mixed Operational Research methods,"Conlon, Mary, and Owen Molloy",2023.0,Journal,Journal of Simulation ,Empirical - replication,No,https://doi.org/10.1080/17477778.2022.2152394,Yes,,DES,,,,,,,,,,Healthcare,Computed Tomography service,To be discussed with supervisors: Should we ask for the supplemntary material from the authors?,,,,
65,65,A framework to share healthcare simulations on the web using free and open source tools and Python,"Harper, Alison, and Thomas Monks",2023.0,Workshop,Proceedings of the Operational Research Society Simulation Workshop,Empirical - replication,No,https://doi.org/10.36819/SW23.030,Yes,,DES,,Yes,Yes,Yes,Yes,Yes,Yes,Yes,Python,Healthcare,Treatment centre,,Yes - checklist with description,,,
66,66,Conceptual Models in Simulation Studies: Making it Explicit,"Wilsdorf, Pia, Fiete Haack, and Adelinde M. Uhrmacher",2020.0,Conference,Winter Simulation Conference,Conceptual,No,https://doi.org/10.1109/WSC48552.2020.9383984,No,,,,,,,,,,,,,,,,,,
67,67,Credible agent-based simulation an illusion or only a step away,"Onggo, Bhakti Stephan, Levent Yilmaz, Franziska Klügl, Takao Terano, and Charles M. Macal",2019.0,Conference,Winter Simulation Conference,Discussion,No,https://doi.org/10.1109/WSC40007.2019.9004716,No,,,,,,,,,,,,,,,,,,
68,68,Optimizing drug inventory management with a web-based information system: The TBTC Study 31/ACTG A5349 experience,"Scott NA, Lee KK, Sadowski C, Kurbatova EV, Goldberg SV, Nsubuga P, Kitshoff R, Whitelaw C, Thuy HN, Batra K, Allen-Blige C",2021.0,Journal,Contemporary Clinical Trials,Empirical - replication,No,https://doi.org/10.1016/j.cct.2021.106377,Yes,,SD,,Yes,Yes,Yes,Yes,Yes,Yes,Yes,R,Inventory management,Drug inventory,,Yes - checklist with description,,,
69,69,Hybrid modelling and simulation of the effect of vaccination on the COVID-19 transmission,"Angelopoulou, Anastasia, and Konstantinos Mykoniatis",2024.0,Journal,Journal of Simulation,Empirical,No,https://doi.org/10.1080/17477778.2022.2062260,Yes,Yes,Hybrid,DES+ABS,Yes,Yes,Yes,Yes,All but system specification,Yes,Yes,AnyLogic,Healthcare,Vaccinartion effect,"Used MPMF framework to capture the hybrid model and describe the interaction points between ABM and DES, claimed to have supplemenntary but I did not find",,,,
70,70,A systematic review of simulation methods applied to cancer care services,"Gjerloev, Amalia, Sonya Crowe, Christina Pagel, Yogini Jani, and Luca Grieco",2024.0,Journal,Health Systems,LR,No,https://doi.org/10.1080/20476965.2024.2322451,NO,,,,,,,,,,,,,,,,,,
71,71,Stage Shifting by Modifying the Determinants of Breast Cancer Stage at Diagnosis: A Simulation Study,"Pokharel, Gyanendra, Qinggang Wang, Momtafin Khan, Paula J. Robson, Lorraine Shack, and Karen A. Kopciuk.",2024.0,Journal,cancers,Empirical,No,https://doi.org/10.3390/cancers16061201,Yes,Yes,MonteCarlo?,,Yes,Yes,"input parameter, source, preprocessing","Estimation approach, run length",Software,Yes,Yes,R,Healthcare,Disease diagnosis,,,,,
72,72,A configurable computer simulation model for reducing patient waiting time in oncology departments,"Corsini, Roberto Rosario, Antonio Costa, Sergio Fichera, and Alessandro Pluchino",2023.0,Journal,Health Systems,Empirical,No,https://doi.org/10.1080/20476965.2022.2030655,Yes,Yes,ABS,,Yes,Yes,Yes,All but initialisation?,All but system spec,Yes,Upon request,Netlogo,Healthcare,Waiting time in oncology department,,,,,
73,73,Modelling lung cancer diagnostic pathways using discrete event simulation,"England, Tracey, Paul Harper, Tom Crosby, Daniel Gartner, Edilson F. Arruda, Kieran Foley, and Ian Williamson",2023.0,Journal,Journal of Simulation,Empirical,No,https://doi.org/10.1080/17477778.2021.1956866,Yes,Yes,DES,,Yes,Yes,All but assumption,All but initialisation,All but system spec,No,,Simul8,Healthcare,Disease diagnosis,,,,,
74,74,An exploratory assessment of the impact of a novel risk assessment test on breast cancer clinic waiting times and workflow: a discrete event simulation model,"Smith, Alison F., Samuel N. Frempong, Nisha Sharma, Richard D. Neal, Louise Hick, and Bethany Shinkins",2022.0,Journal,BMC Health Services Research,Empirical,No,https://doi.org/10.1186/s12913-022-08665-0,Yes,,DES,,Yes,Yes,Yes,Yes,Yes,Yes,Upon request,Simul8,Healthcare,Waiting time in cancer clinic,,Yes - checklist,,,
75,75,Designing Mixed-Fleet of Electric and Autonomous Vehicles for Home Grocery Delivery Operation: An Agent-Based Modelling Study,"Utomo, Dhanan Sarwo, Adam Gripton, and Philip Greening.",2022.0,Conference,Winter Simulation Conference,Empirical,No,https://doi.org/10.1109/WSC57314.2022.10015316,Yes,Yes,ABS,,Purpose and model output,Yes,Yes,Yes,Yes,No,,Netlogo,Scheduling,Last mile delivery operations,,,,,
76,76,Strengthening 'good'modelling practices in robust decision support: A reporting guideline for combining multiple model-based methods,"Moallemi, Enayat A., Sondoss Elsawah, and Michael J. Ryan",2020.0,Journal,Mathematics and Computers in Simulation,Reporting guideline,No,https://doi.org/10.1016/j.matcom.2019.05.002,No,,,,,,,,,,,,,,,,,,
77,77,Simulating the battery price and the car-mix in key electro-mobility markets via model coupling,"Gomez Vilchez, Jonatan J., and Christian Thiel",2020.0,Journal,Journal of Simulation,Empirical,No,https://doi.org/10.1080/17477778.2020.1781556,No,,SD,,,,,,,,,,Automobile,,"Requires reassessment; authors statement: ""Though these guidelines are valuable, we propose an alternative approach: the interested reader can gain free access to the main models.""",,,,
78,78,Simulation Experiment Schemas Beyond Tools and Simulation Approaches,"Wilsdorf, Pia, Marcus Dombrowsky, Adelinde M. Uhrmacher, Julius Zimmermann, and Ursula van Rienen",2019.0,Conference,Winter Simulation Conference,Conceptual,No,https://doi.org/10.1109/WSC40007.2019.9004710,No,,,,,,,,,,,,,,,,,,
79,79,Strategic resource planning of endoscopy services using hybrid modelling for future demographic and policy change,"Harper, Alison, and Navonil Mustafee",2022.0,Journal,Journal of the Operational Research Society,Empirical,No,https://doi.org/10.1080/01605682.2022.2078675,Yes,,DES,,Yes,Yes,Yes,Yes,Yes,Yes,Upon request,Simul8,Healthcare,Resource planning,,Yes - checklist,,,
80,80,A Systematic Literature Review Identifying the Dimensions and Components of Simulation of the Hospital Emergency Department During Emergencies and Disasters,"Shirazi, Fahimeh Barghi, Shandiz Moslehi, Mohammad Reza Rasouli, and Gholamreza Masoumi",2022.0,Journal,Medical journal of the Islamic Republic of Iran,LR,No,https://doi.org/10.47176%2Fmjiri.36.82,No,,,,,,,,,,,,,,,,,,
81,81,Implementing hybrid simulations that integrate DES+SD in Python,"Palmer, Geraint I., and Yawen Tian",2023.0,Journal,Journal of Simulation,Conceptual,No,https://doi.org/10.1080/17477778.2021.1992312,No,,,,,,,,,,,,,,,,,,
82,82,The Role of Simulation-Based Studies in Software Engineering Research,"de Franca, Breno Bernard Nicolau, and Nauman Bin Ali",2020.0,Book,Springer,Book Chapter,No,https://doi.org/10.1007/978-3-030-32489-6_10,No,,,,,,,,,,,,,,,,,,
83,83,"A Systemic Analysis of the Environmental Impacts of Gold Mining within the Blyde River Catchment, a Strategic Water Area of South Africa","Selebalo, Itumeleng M., Mary C. Scholes, and Jai K. Clifford-Holmes",2021.0,Journal,Water,Empirical,No,https://doi.org/10.3390/w13030301,Yes,Yes,SD,,Purpose,Yes,Yes,Yes,"Software, model execution",No,,Stella,Water,mining operations,,,,,
84,84,Intended and unintended consequences of strategies to meet performance benchmarks for rheumatologist referrals in a centralized intake system,"Marshall, Deborah A., Toni Tagimacruz, Claire EH Barber, Monica Cepoiu?Martin, Elena Lopatina, Jill Robert, Terri Lupton, Jatin Patel, and Diane P. Mosher",2023.0,Journal,Journal of Evaluation in Clinical Practice,Empirical,No,https://doi.org/10.1111/jep.13926,Yes,Yes,DES,,Yes,Base model logic and sceario logic,"Data sources, assumptions","Initialisation, run length",Software,No,,Arena,Healthcare,Disease diagnosis,,Yes - checklist,,,
85,85,The Issue of Trust and Implementation of Results in Healthcare Modeling and Simulation Studies,"Harper, Alison, Navonil Mustafee, and Mike Yearworth",2022.0,Conference,Winter Simulation Conference,Discussion,No,https://doi.org/10.1109/WSC57314.2022.10015276,No,,,,,,,,,,,,,,,,,,
86,86,Examining the diagnostic pathway for lung cancer patients in Wales using discrete event simulation,"England, Tracey J., Paul R. Harper, Tom Crosby, Daniel Gartner, Edilson F. Arruda, Kieran G. Foley, and Ian J. Williamson",2021.0,Journal,Translational Lung Cancer Research,Empirical,No,https://doi.org/10.21037%2Ftlcr-20-919,Yes,,,,Yes,Yes,Yes,Yes,Yes,Yes,Upon request,Simul8,Healthcare,Disease diagnosis,,Yes - checklist,,,
87,87,Non-Invasive Diagnosis of Liver Fibrosis in Chronic Hepatitis C using Mathematical Modeling and Simulation,"Shukla, Nehal, Anastasia Angelopoulou, and Rania Hodhod",2022.0,Journal,Electronics,Empirical,No,https://doi.org/10.3390/electronics11081260,Yes,,Hybrid simulation,SD + ABS,Yes,Base model logic,All but assumptions,Run length,Software,No,,AnyLogic,Healthcare,Disease diagnosis,The use of STRESS has only been used for SD model,,,,
88,88,Using Strategic Options Development and Analysis (SODA) to understand the simulation accessibility problem,"Collins, Andrew J., Ying Thaviphoke, and Antuela A. Tako",2023.0,Journal,Journal of the Operational Research Society,Discussion,No,https://doi.org/10.1080/01605682.2022.2129481,No,,,,,,,,,,,,,,,,,,
89,89,Emergency exit layout planning using optimization and agent-based simulation,"Barth, Maren S., Katharina Palm, Henrik Andersson, Tobias A. Granberg, Anders N. Gullhav, and Andreas Krüger",2024.0,Journal,Computational Management Science ,Empirical,No,https://doi.org/10.1007/s10287-023-00482-y,Yes,Yes,ABS,,Yes,Yes,Yes,Yes,Yes,No,,Python,Emergency planning,Layout planning - a case study of emergency exit for concert,,,,,
90,90,A reusable discrete event simulation model for improving orthopedic waiting lists,"Boyle, Laura, and Mark Mackay",2022.0,Conference,Winter Simulation Conference,Empirical,No,https://doi.org/10.1109/WSC57314.2022.10015512,Yes,Yes,DES,,Yes,Yes,Yes,Yes,All but system spec,Yes,Will be available in future,AnyLogic,Healthcare,Patient flow,,,,,
91,91,Deploying healthcare simulation models using containerization and continuous integration,"Harper, Alison, Thomas Monks, and Sean Manzi",2023.0,Preprint,OSF,Empirical,Yes,https://doi.org/10.31219/osf.io/qez45,Yes,,DES,,Yes,Yes,Yes,Yes,Yes,Yes,Yes,Python,Healthcare,Patient flow,,Yes - checklist,,,
92,92,Effects of user cognitive biases on platform competition,"Katsamakas, Evangelos, and Heba Madany",2019.0,Journal,Journal of Decision Systems ,Discussion,No,https://doi.org/10.1080/12460125.2019.1620566,No,,,,,,,,,,,,,,,,,,
93,93,Generating simulation experiments based on model documentations and templates,"Ruscheinski, Andreas, Kai Budde, Tom Warnke, Pia Wilsdorf, Bjarne C. Hiller, Marcus Dombrowsky, and Adelinde M. Uhrmacher",2018.0,Conference,Winter Simulation Conference,Tutorial,No,https://doi.org/10.1109/WSC.2018.8632515,No,,,,,,,,,,,,,,,,,,
94,94,Towards sharing tools and artefacts for reusable simulations in healthcare,"Monks, Thomas, Alison Harper, and Navonil Mustafee",2024.0,Journal,Journal of Simulation,Discussion,No,https://doi.org/10.1080/17477778.2024.2347882,No,,,,,,,,,,,,,,,,,,
95,95,Applying the stress guidelines for reproducibility in modeling & simulation: Application to a disease modeling case study,"Taylor, Simon JE, Anastasia Anagnostou, Thomas Monks, Christine Currie, Bhakti Stephan Onggo, Martin Kunc, and Stewart Robinson",2018.0,Conference,Winter Simulation Conference,Empirical,No,https://doi.org/10.1109/WSC.2018.8632405,Yes,,ABS,,Yes,Yes,Yes,Yes,Yes,Yes,Yes,Java?,Healthcare,Disease modelling,,Yes - checklist,The DOI in the article does not work,,
96,96,Discrete event simulation model performed with data analytics for a call center optimization,"Serper, Nisan, Elifen, and Banu Cal",2022.0,Journal,Istanbul Business Research,Empirical,No,https://doi.org/10.26650/ibr.2022.51.951646,Yes,Yes,DES,,Purpose,Yes,Yes,Yes,Yes,No,,Arena,Scheduling,Call centre system,,,,,
97,97,Quantitative methods used to evaluate impact of health promotion interventions to prevent HIV infections: a methodological systematic review protocol,"Ravalihasy, Andrainolo, Lidia Karda?-S?oma, Yazdan Yazdanpanah, and Valéry Ridde",2022.0,Journal,Systematic Reviews,LR,No,https://doi.org/10.1186/s13643-022-01970-z,No,,,,,,,,,,,,,,,,,,
98,98,Estimation of SARS-CoV-2 aerosol emissions from simulated patients with COVID-19 and no to moderate symptoms,"Riediker, Michael, and Dai-Hua Tsai.",2020.0,Journal,JAMA,Empirical,No,https://doi.org/10.1001/jamanetworkopen.2020.13807,Yes,Yes,MonteCarlo?,,Purpose,Base model logic,Yes,Estimation approach,No,No,,?,Healthcare,Disease estimation,,,,,
99,99,Integrating system dynamics and scenarios: A framework based on personal experience,Martin Kunc,2024.0,Journal,Future & Forsight Science,Tutorial,No,https://doi.org/10.1002/ffo2.174,No,,,,,,,,,,,,,,,,,,
100,100,Discrete-event simulation to model the thrombolysis process for acute ischemic stroke patients at urban and rural hospitals,"Bulmer, Tessa, David Volders, John Blake, and Noreen Kamal",2021.0,Journal,Frontiers in Neurology,Empirical,No,https://doi.org/10.3389/fneur.2021.746404,Yes,,DES,,Yes,Yes,Yes,Yes,"Software, random sampling",Yes,Upon request,Arena,Healthcare,Patient flow,,"Yes - some elements of STRESS is in the appendix, does not contain checklist",,,
101,101,Panel-towards conceptual modeling for hybrid simulation: Setting the scene,"Tako, Antuela A., Tillal Eldabi, Paul Fishwick, Caroline C. Krejci, and Martin Kunc",2019.0,Conference,Winter Simulation Conference,Discussion,No,https://doi.org/10.1109/WSC40007.2019.9004838,No,,,,,,,,,,,,,,,,,,
102,102,Quantitative methods used to evaluate impact of combination HIV prevention intervention: a methodological systematic review,"Ravalihasy, Andrainolo, Pearl Anne Ante-Testard, Lidia Kardas-Sloma, Yazdan Yazdanpanah, Manuela De Allegri, and Valéry Ridde",2023.0,Journal,AIDS and Behavior,LR,No,https://doi.org/10.1007/s10461-023-04000-8,No,,,,,,,,,,,,,,,,,,
103,103,Optimasi Waktu Penyelesaian Kuota Vaksin pada Layanan Vaksinasi di Pusat Perbelanjaan dengan Simulasi Kejadian Diskrit,"Hutomo, Ivan Keane, Khenny Hosana, Ivan Gunawan, and Lusia Permata Sari Hartanti",2023.0,Journal,Jurnal INTECH Teknik Industri Universitas Serang Raya,Unkown,No,https://doi.org/10.30656/intech.v9i1.5045,,,,,,,,,,,,,,,,,,,
104,104,Simulation of a schedule-based mass vaccination clinic,"Adacher, Ludovica, Marta Flamini, and Maurizio Naldi",2023.0,Journal,Journal of Simulation,Empirical,No,https://doi.org/10.1080/17477778.2023.2260348,Yes,Yes,DES,,Yes,"Base model logic, base model overview diagram, algorithms, and components",Input parameters and assumptions,Yes,Yes,Yes,Yes,R,Healthcare,Patient flow,They claimed that the code is available on a freely accessible repository but I could not find the related link,,,,
105,105,"Simulation Modelling: Concepts, Tools and Practical Business Applications","Greasley, Andrew",2022.0,Book,Taylor & Francis,Book,No,https://doi.org/10.4324/9781003124092,No,,,,,,,,,,,,,,,,,,
106,106,Use of computer simulation to identify effects on hospital census with reduction of transfers for non-procedural patients in community hospitals,"Walker, Laura, Katharina Kohler, Matthew Jankowski, and Todd Huschka",2024.0,Journal,BMJ Open Quality,Empirical,No,https://doi.org/10.1136/bmjoq-2023-002652,Yes,Yes,DES,,Yes,Yes,Yes,Yes,Yes,No,,Arena,Healthcare,Consultation abd referrals,,,,,
107,107,Assessing resilience of medicine supply chain networks to disruptions: a proposed hybrid simulation modeling framework,"Viana, Joe, Kim Van Oorschot, and Christine Ardal",2021.0,Conference,Winter Simulation Conference,Empirical,No,https://doi.org/10.1109/WSC52266.2021.9715466,Yes,,Hybrid simulation,DES+SD+ABS,Yes,Yes,Yes,Yes,Yes,Yes,Upon request,AnyLogic,Supply chain management,Healthcare SC,,,,,
108,108,Open Science for Computer Simulation,"Monks, Thomas, Alison Harper, Anastasia Anagnostou, and Simon JE Taylor",2022.0,Preprint,OSF,Conceptual,Yes,https://doi.org/10.31219/osf.io/zpxtm,No,,,,,,,,,,,,,,,,,,
109,109,An MVP approach to developing complex hybrid simulation models,"Jones, William, Philip Gun, and Mehdi Foumani",2022.0,Conference,Winter Simulation Conference,Conceptual,No,https://doi.org/10.1109/WSC57314.2022.10015460,No,,,,,,,,,,,,,,,,,,
110,110,Study on the Emergency Management System considering Victims' Self?Rescue Abilities,"Liang, Wei, Yanyan Huang, and Jianyu Wang",2022.0,Journal,Discrete dynamics in nature and society,Empirical,No,https://doi.org/10.1155/2022/8494324,No,,,,,,,,,,,,,,,,,,
111,111,Potential and Challenges of Assurance Cases for Simulation Validation,"Wilsdorf, Pia, Steffen Zschaler, Fiete Haack, and Adelinde Uhrmacher",2024.0,Conference,Proceedings of the 2024 Winter Simulation Conference,Conceptual,Yes,https://kclpure.kcl.ac.uk/portal/files/273512474/wintersim24.pdf,No,,,,,,,,,,,,,,,,,,
112,112,Modeling and analysis of honey bee foraging behavior,"Purdy, John, and Francis A. Drummond",2024.0,Book,Academic Press,Book chapter,No,https://doi.org/10.1016/B978-0-323-91793-3.00003-1,,,,,,,,,,,,,,,,,,,
113,113,Choosing where to set the threshold between low-and high-risk patients: Evaluating a classification tool within a simulation,"Saville, Christina E., Honora K. Smith, Katarzyna Bijak, and Pauline Leonard",2022.0,Journal,Journal of the Operational Research Society ,Empirical,No,https://doi.org/10.1080/01605682.2022.2096497,Yes,,DES,,"Purpose, aim of experimentation","Base model overview diagram and logic, scenario logic",Yes,Yes,"Software, random sampling",No,,Simul8,Healthcare,Patient classification,The authors did not claimed the use of STRESS but there are some elements of the guideline (I guess the reason is that the simulation is not the focus of the study instead the classification is),,,,
114,114,Open-Source Modeling for Orthopedic Elective Capacity Planning using Discrete-Event Simulation,"Harper, Alison, Martin Pitt, and Thomas Monks",2023.0,Conference,Winter Simulation Conference,Empirical,No,https://doi.org/10.1109/WSC60868.2023.10408227,Yes,,DES,,Yes,Yes,Yes,Yes,Yes,Yes,Yes,Python,Healthcare,Capacity planning,To be asked from Tom and Alison,,,,
115,115,Statistical design of overnight trials for the evaluation of the number of operating rooms that can be disinfected by an ultraviolet light disinfection robotic system,"Birchansky, Bradlee, Franklin Dexter, Richard H. Epstein, and Randy W. Loftus",2021.0,Journal,Cureus,Empirical,No,https://doi.org/10.7759%2Fcureus.18861,Yes,,MonteCarlo,,Purpose,Base model logic,No,Yes,Software,No,,MATLAB,Healthcare,Operating room management,"I doubt that they used STRESS, except for the name no elements has been mentioned altough some concepts of the elements are included",,,,
116,116,NBSIMGEN: Jupyter Notebook Extension for Generating Simulation Experiments,"Wilsdorf, Pia, Anton Willy Kirchhubel, and Adelinde M. Uhrmacher",2023.0,Conference,Winter Simulation Conference,Empirical,No,https://doi.org/10.1109/WSC60868.2023.10408537,No,,,,,,,,,,,,,,,,,,
117,117,Mapping and Describing Geospatial Data to Generalize Complex Models: The Case of LittoSIM-GEN,"Laatabi, Ahmed, Nicolas Becu, Nicolas Marilleau, Cécilia Pignon-Mussaud, Marion Amalric, Xavier Bertin, Brice Anselme, and Elise Beck",2020.0,Journal,International Journal of Geospatial and Environmental Research,Empirical,No,https://dc.uwm.edu/ijger/vol7/iss1/6?utm_source=dc.uwm.edu%2Fijger%2Fvol7%2Fiss1%2F6&utm_medium=PDF&utm_campaign=PDFCoverPages,No,,,,,,,,,,,,,,,,,,
118,118,How to design a structure-based In-silico approach for the therapeutic drug development for diabetes mellitus or obesity: A Systemic Review,"Asija, Rajesh, Amandeep Swami, and Yovin Chug",2023.0,Journal,International Journal of Health Advancement and Clinical Research,LR,No,http://ijhacr.com/index.php/ijhacr/article/view/29,No,,,,,,,,,,,,,,,,,,
119,119,"An agent-based model of supply chain financing: agents strategies, performance, and risk contagions","Yang, Yang, Xinli Que, Qian Qian, and Hao Fang",2022.0,Journal,Journal of Simulation,Empirical,No,https://doi.org/10.1080/17477778.2023.2207747,Yes,,ABS,,Yes,Yes,Yes,Yes,Yes,No,,Netlogo,Finance,Supply chain financing,,,,,
120,120,Simulation Studies of Social Systems Telling the Story Based on Provenance Patterns,"Reinhardt, Oliver, Toby Prike, Martin Hinsch, Jakub Bijak, Pia Wilsdorf, and Adelinde M. Uhrmacher",2023.0,Preprint,TechRxiv,Discussion,Yes,https://drive.google.com/file/d/1_lxi6egE9DPGIDLEcpVlV2JVZXmaiUv8/view,No,,,,,,,,,,,,,,,,,,
121,121,COVID-19 pandemic surges can induce bias in trials using response adaptive randomization: A simulation study,"Yarnell, Christopher J., Robert A. Fowler, Lillian Sung, and George Tomlinson",2022.0,Preprint,medRxiv,Empirical,Yes,https://doi.org/10.1101/2022.07.13.22277596,Yes,,MonteCarlo,,Yes,"Base model logic, scenario logic",Assumptions,"Estimation approach, run length","Software, model execution",Yes,Yes,R,Healthcare,Adaptive clinical trials,,Yes - but not checklist,,,
122,122,Use of Clinical Pathway Simulation and Machine Learning to Identify Key Levers for Maximizing the Benefit of Intravenous Thrombolysis in Acute Stroke,"Allen, Michael, Charlotte James, Julia Frost, Kristin Liabo, Kerry Pearn, Thomas Monks, Richard Everson, Ken Stein, and Martin James",2020.0,Journal,Stroke,Empirical,No,https://doi.org/10.1161/STROKEAHA.121.038454,Yes,,Hybrid model,MonteCarlo Simulation + Machine learning,Yes,"Base model logic, scenario logic, algorithms",Yes,Yes,"Software, random sampling",Yes,Yes,Python,Healthcare,Strocke patients,,Yes - but not checklist,,,
123,123,Communicating Agent-Based Models in Management Research and Managerial Practice,"Meyer, Matthias, and Jan Spitzner",2024.0,Book,The Oxford Handbook of Agent-based Computational Management Science,Book chapter,No,https://doi.org/10.1093/oxfordhb/9780197668122.013.22,No,,,,,,,,,,,,,,,,,,
124,124,Hybrid health systems simulation modelling: controlling Covid-19 infections in care homes,"Nguyen, Le Khanh Ngan",2022.0,Thesis,University of Stratclyde,PhD Thesis,No,https://stax.strath.ac.uk/concern/theses/5h73pw54g,No,,,,,,,,,,,,,,,,,,
125,125,A Decision Tree to Shepherd Scientists through Data Retrievability,"Bianchi, Andrea, Giordano d'Aloisio, Francesca Marzi, and Antinisca Di Marco",2023.0,Preprint,arxic,Conceptual,Yes,https://doi.org/10.48550/arXiv.2304.05767,No,,,,,,,,,,,,,,,,,,
126,126,A Qualitative Assessment of Studies Evaluating the Classification Accuracy of Personnel Using START in Disaster Triage: A Scoping Review,"Wisnesky, Uira Duarte, Scott W. Kirkland, Brian H. Rowe, Sandra Campbell, and Jeffrey Michael Franc",2022.0,Journal,Frontiers in public health,LR,No,https://doi.org/10.3389/fpubh.2022.676704,No,,,,,,,,,,,,,,,,,,
127,127,Simulation Studies of Social Systems- Telling the Story Based on Provenance Patterns,"Wilsdorf, Pia, Oliver Reinhardt, Toby Prike, Martin Hinsch, Jakub Bijak, and Adelinde M. Uhrmacher",2024.0,Preprint,Royal Society Open Science,Discussion,Yes,http://eprints.soton.ac.uk/id/eprint/490724,No,DP,,,,,,,,,,,,,,,,,
128,128,Operations research for tourism planning and destination management,"Gu, Yunfei",2024.0,Thesis,University of Southampton,PhD Thesis,No,https://eprints.soton.ac.uk/491407/2/Yunfei_PhD_Thesis_Revision_final.pdf,Yes,,ABS and SD,,Purpose,"Base model logic, component","Data sources, input parameters, assumptions",Initialisation,"Software, model execution, random sampling",No,,Anylogic,Tourism,Destination management and planning,Integration method = enriching,,,,
129,129,Modeling of waiting lists for chronic heart failure in the wake of the covid-19 pandemic,"Wise, Alan F., Lucy E. Morgan, Alexander Heib, Christine SM Currie, Alan Champneys, Ramesh Nadarajah, Chris Gale, and Mamas Mamas",2021.0,Conference,Winter Simulation Conference,Empirical,No,https://doi.org/10.1109/WSC52266.2021.9715505,Yes,,DES,,"Purpose, model outputs",Base model logic and diagram,Yes,Yes,"Software, random sampling",No,,Python - Simpy,Healthcare,Patient flow,,,,,
130,130,From simulation to implementation: practical advice for policy makers who want to use computer modeling as an analysis and communication tool,"Felix, Javier Sandoval, and Manuel Castanon-Puga",2019.0,Book,Springer,Book chapter,No,https://link.springer.com/chapter/10.1007/978-3-030-17985-4_6,No,,,,,,,,,,,,,,,,,,
131,131,Formal design methods and the relation between simulation models and theory: A philosophy of science point of view,"Troitzsch, Klaus G",2020.0,Book,Springer,Book chapter,No,https://link.springer.com/chapter/10.1007/978-3-030-54936-7_2,No,,,,,,,,,,,,,,,,,,
132,132,Direct oral anticoagulants (DOACs) use in patients with renal insufficiency and obesity,"Nwanosike, Ezekwesiri Michael",2023.0,Thesis,University of Huddersfield,PhD Thesis,No,https://pure.hud.ac.uk/ws/portalfiles/portal/83727839/Final_thesis_Nwanosike.pdf,No,,,,,,,,,,,,,,Used the checklist for quality assessment of the studies,,,,
133,133,"Applications Of Large Language Models, Aggregation Algorithms, And Extensions For Fuzzy Cognitive Maps","Schuerkamp, Ryan",2024.0,Thesis,Miami University,Master Thesis,No,https://etd.ohiolink.edu/acprod/odb_etd/ws/send_file/send?accession=miami1713604010557592&disposition=inline,No,,,,,,,,,,,,,,,,,,
134,134,An agent-based modelling approach for assessing entrepreneurial intentions and development strategies in the rural hospitality industry,"Gu, Yunfei, Bhakti Stephan Onggo, Martin Kunc, and Steffen Bayer",2023.0,Workshop,Proceedings of the Operational Research Society Simulation Workshop,Empirical,No,https://doi.org/10.36819/SW23.008,Yes,,ABM,,"Purpose, aims of experimentation","Base model overview diagram and logic, algorithms, components","Data source, input parameters",Initialisation,software,No,,Anylogic,Hospitality and Tourism,Entrepreneurship intentions,,,,,
135,135,Organising outpatient dialysis services during the COVID-19 pandemic. A simulation and mathematical modelling study,"Allen, Michael, Amir Bhanji, Jonas Willemsen, Steven Dudfield, Stuart Logan, and Thomas Monks",2020.0,Preprint,medRxiv,Empirical,Yes,https://doi.org/10.1101/2020.04.22.20075457,Yes,,DES,,Yes,Yes,Yes,Yes,Yes,Yes,Yes,Python - Simpy,Healthcare,Patient flow - outpatient dialysis services,,Yes,,,
136,136,Not in English,Not in English,2023.0,,,,No,http://www.scielo.org.co/scielo.php?pid=S0120-386X2023000100008&script=sci_arttext,,,,,,,,,,,,,,,,,,,
137,137,Simulation Studies of Social Systems--Telling the Story Based on Provenance,"Reinhardt, Oliver, Toby Prike, Martin Hinsch, Jakub Bijak, Pia Wilsdorf, and Adelinde M. Uhrmacher",2023.0,Preprint,TechRxiv,Discussion,Yes,https://www.techrxiv.org/doi/pdf/10.36227/techrxiv.20209844.v2,No,,,,,,,,,,,,,,,,,,
138,138,Network analysis of simulated and real indigenous irrigation system,"Stokes, Alex",2020.0,Thesis,University of Southampton,Master Thesis,No,https://eprints.soton.ac.uk/453033/1/Alex_Stokes_MPhil_thesis_final_copy.pdf,Yes,,,,,,,,,,,,,,,,,,
139,139,Replicating agent-based simulation models of herding in financial markets,"Liu, Xin",2021.0,Thesis,Lancaster University,PhD Thesis,No,https://www.proquest.com/docview/2637956095?pq-origsite=gscholar&fromopenview=true&sourcetype=Dissertations%20&%20Theses,Yes,,ABS,,Yes,Yes,Yes,Yes,Yes,Yes,Yes,C++,Finance,Market mechanism,The study compared the two STRESS and ODD guidelines for improving the reproducability,Checklist,,,
140,140,Systems Science for Caribbean Health: An obesity and diabetes simulation model for Jamaica,"Guariguata, Leonor, Leandro Garcia, Natasha Sobers, Trevor S. Ferguson, James Woodcock, T. Alafia Samuels, Cornelia Guell, Nigel Unwin, and Jamaica Mona",2022.0,Preprint,-,Empirical,Yes,https://www.scienceopen.com/document_file/6adcaae4-cd6d-4f5c-a9ba-89e3039d442b/PubMedCentral/6adcaae4-cd6d-4f5c-a9ba-89e3039d442b.pdf,Yes,,SD,,Yes,Yes,Yes,Yes,All but system spec,Yes,Yes,R,Healthcare,Estimating future trend of disease,,,,,
141,141,Tactical Resource Planning in Surgical Clinics,"Bovim, Thomas Reiten",2023.0,Thesis,Norwegian University of Science and Technology,PhD Thesis,No,https://hdl.handle.net/11250/3113339,Yes,,DES,,Yes,Yes,Yes,Yes,Yes,No,,Python - Simpy,Healthcare,Resource planning,,,,,
142,142,Modelling Busyness-Using discrete event simulation and soft systems methodology to create a multimethod decision support tool for Radiology,"Conlon, Mary M.",2021.0,Thesis,National University of Irland,PhD Thesis,No,https://researchrepository.universityofgalway.ie/server/api/core/bitstreams/efd0556e-e927-4b5e-82fc-27d129cb303d/content,Yes,,DES,,Yes,Yes,Yes,Yes,Yes,No,,Anylogic,Healthcare,CT service and staff workload,,,,,
143,143,A framework for communicating the utility of models when facing tough decisions in public health,"Thompson, J., McClure, R., Scott, N., Hellard, M., Abeysuriya, R., Vidinaarachichi, R., Thwaites, J., Lazarus, J.V., Michie, S., Bullen, C.R. and Prokopenko, M.",2021.0,Preprint,OSF,Conceptual,Yes,https://doi.org/10.31235/osf.io/2duk5,No,,,,,,,,,,,,,,,,,,
144,144,Understanding the impact of social networks on the spread of obesity,"Tuson, Mark, Paul Harper, Daniel Gartner, and Doris Behrens",2023.0,Journal,International Journal of Environmental Research and Public Health,Empirical,No,https://doi.org/10.3390/ijerph20156451,No,,,,,,,,,,,,,,"There is no sign of referencing STRESS article, not in the reference list not in the content of the paper",,,,
145,145,Potential and Challenges of Assurance Cases for Simulation Validation,"Wilsdorf, Pia, Steffen Zschaler, Fiete Haack, and Adelinde Uhrmacher",2024.0,Conference,Winter Simulation Conference,Conceptual,No,,DP,,,,,,,,,,,,,,,,,,
146,146,Intended and unintended consequences of strategies to meet performance benchmarks for rheumatologist referrals in a centralized intake system,"Patel, Jatin, and Diane P. Mosher",,Journal,Journal of Evaluation in Clinical Practice,Empirical,No,,DP,,,,,,,,,,,,,,,,,,
147,147,Mapping and Describing Geospatial Data to Generalize Complex Mapping and Describing Geospatial Data to Generalize Complex Models: The Case of LittoSIM-GEN Models,"Laatabi, Ahmed, Nicolas Becu, Nicolas Marilleau, Cécilia Pignon-Mussaud, Marion Amalric, Xavier Bertin, Brice Anselme, and Elise Beck",2021.0,Preprint,arXiv,Empirical,Yes,https://doi.org/10.48550/arXiv.2101.07523,No,,,,,,,,,,,,,,,,,,
148,148,"Discrete Event Simulation Model Performed with Data 
Analytics for a Call Center Optimization","Serper, Nisan, Elifen, and Banu Cal",2021.0,Journal,Istanbul Business Research,Empirical,No,https://www.academia.edu/download/89940670/A38025C38B864AF084A7270F0501FC6E.pdf,Yes,,DES,,Purpose,"Base model overview, scenario logic, components",Yes,Yes,Yes,No,,Arena,Call centre,,,,,,
149,149,Levels of Open Science for Empirical Research Using Software: A Proposal,"Taylor, Simon JE, Anastasia Anagnostou, Tom Monks, Alison Harper, and Michael Allen",,,,Discussion,No,https://www.academia.edu/download/87287807/Levels_20of_20Open_20Science_20for_20Empirical_20Research_20Using_20Software.pdf,No,,,,,,,,,,,,,,,,,,
150,150,Archeologia predittiva e simulativa. Un approccio analitico e applicativo a predictive e Agent-Based modelling,"Burigana, Laura",2022.0,,,,No,https://www.research.unipd.it/bitstream/11577/3460020/2/Tesi_LB_def.pdf,,,,,,,,,,,,,,,,,,,
151,151,Not in English,"Gomes, Ana Francisca Teixeira",2023.0,,,,No,https://repositorio.ufrn.br/bitstream/123456789/52690/1/Estudoinsilicoalvos_Gomes_2023.pdf,,,,,,,,,,,,,,,,,,,
152,152,Not in English,Not in English,2023.0,,,,No,https://nardus.mpn.gov.rs/bitstream/handle/123456789/22556/Disertacija_15710.pdf?sequence=1,,,,,,,,,,,,,,,,,,,
153,153,Not in English,Not in English,2022.0,,,,No,https://elibrary.ru/download/elibrary_48523351_49370553.pdf,,,,,,,,,,,,,,,,,,,
154,154,Dairy Supply Chain in West JAVA: Modelling using agent based simulation and reporting using the STRESS guidelines,"Fakhimi, M., D. Robertson, and T. Boness",2021.0,Workshop,Proceedings of the Operational Research Society Simulation Workshop,Empirical,No,https://doi.org/10.36819/SW21.032,Yes,,ABS,,Yes,Yes,Yes,Yes,Yes,Yes,Will be available in future,Netlogo,Supply chain management,Buying and selling decision rules of diary farmers,,Checklist,,,
155,155,Panel-towards conceptual modeling for hybrid simulation: Setting the scene,"Mustafee, N., K. H. G. Bae, S. Lazarova-Molnar, M. Rabe, C. Szabo, P. Haas, and Y. J. Son",2019.0,Conference,Winter Simulation Conference,Conceptual,No,,DP,,,,,,,,,,,,,,,,,,
156,156,Credible agent-based simulation an illusion or only a step away,"Onggo, Bhakti Stephan, Levent Yilmaz, Franziska Klügl, Takao Terano, and Charles M. Macal",2019.0,Conference,Winter Simulation Conference,Discussion,No,,DP,,,,,,,,,,,,,,,,,,
157,157,"Is Outperform Still Appropriate to Qualify the Simulation 
Results of Proposed Protocols for WSNs?","Aby, Affoua Therese, Stephane Pomportes, Marie-Francoise Servajean, and Michel Misson",2019.0,Journal,Journal of Communication,Discussion,No,https://www.researchgate.net/profile/Michel-Misson/publication/338260212_Is_Outperform_Still_Appropriate_to_Qualify_the_Simulation_Results_of_Proposed_Protocols_for_WSNs/links/5f884dd3458515b7cf823bc1/Is-Outperform-Still-Appropriate-to-Qualify-the-Simulation-Results-of-Proposed-Protocols-for-WSNs.pdf,No,,,,,,,,,,,,,,,,,,
158,158,A Framework for Operational excellence in Hospital Logistics,"Moons, Karen",2020.0,Thesis,KULeuven University,PhD Thesis,No,https://lirias.kuleuven.be/retrieve/580186,No,,,,,,,,,,,,,,,,,,
159,159,Model of the natural history of HPV-related cervical disease in Kenya,"Perez-Guzman, P. N.",2020.0,Journal,BMJ global health,Empirical,No,,DP,,,,,,,,,,,,,,,,,,
160,160,Evolution and Reproducibility of Simulation Modeling in Health Policy over Half a Century,"Jalali, Mohammad S",2020.0,Preprint,,Empirical,Yes,https://www.researchgate.net/profile/Mohammad-S-Jalali/publication/337033718_Evolution_and_Reproducibility_of_Simulation_Modeling_in_Health_Policy_over_Half_a_Century/links/5e98b095299bf13079a1bb88/Evolution-and-Reproducibility-of-Simulation-Modeling-in-Health-Policy-over-Half-a-Century.pdf?origin=journalDetail&_tp=eyJwYWdlIjoiam91cm5hbERldGFpbCJ9,No,,,,,,,,,,,,,,,,,,
161,161,Not in English,Not in English,2023.0,Thesis,Politechnika Wroclawska,PhD Thesis,No,https://wz.pwr.edu.pl/fcp/sGBUKOQtTKlQhbx08SlkTUQZDUWRuHQwFDBoIVURNWH5QBlhnRlUuWTISTnoYDxMe/221/public/main/habilitacje_i_profesury/2022/rozprawa_doktorska_maria_hajlasz_2023.pdf,Yes,,,,,,,,,,,,,,,,,,
162,162,"Effective Provision of Critical Care
Services","Shi, Dandan",2019.0,Thesis,University of Southampton,PhD Thesis,No,https://eprints.soton.ac.uk/435517/1/Final_Dandan_SHI_Thesis_digital_.pdf,Yes,Yes,DES,,Yes,Yes,Yes,Yes,Yes,No,No,Simul8,Healthcare,ICU,,,,,
163,163,Online Simulation for the Operational Management of Inpatient Beds,"Oakley, David",2019.0,Thesis,Lancaster University,PhD Thesis,No,https://www.proquest.com/docview/2471521753/fulltextPDF/DAC63838F760439DPQ/1?accountid=10792&sourcetype=Dissertations%20&%20Theses,Yes,,DES,,Yes,Yes,Yes,Yes,Yes,Yes,Yes,Micro Saint Sharp,Healthcare,Scheduling wards,,Yes,,,
164,164,A review of agent-based modeling in construction management: an analytical framework based on multiple objectives,"Liu, Wenyao, Qingfeng Meng, Hanhao Zhi, Zhen Li, and Xin Hu",2024.0,Journal,Journal of Civil Engineering and Management,LR,No,https://jest.vgtu.lt/index.php/JCEM/article/download/20949/12174,No,,,,,,,,,,,,,,,,,,
165,165,Charakterisierung von Punkt-und Intervallschätzern des gemittelt sequenziellen Populations-assoziierten Risikoanteils in der Epidemiologie kardiovaskulärer Erkrankungen,"Malsch, Carolin",2021.0,Thesis,Universität Würzburg,PhD Thesis,No,https://opus.bibliothek.uni-wuerzburg.de/files/23816/Carolin_Malsch_Dissertation.pdf,,,,,,,,,,,,,,,,,,,
166,166,Not in English,"Halme, Markus",2018.0,Preprint,,Inaccessible,Yes,,,,,,,,,,,,,,,,,,,,
167,167,A commentary on Lustick and Tetlock 2021,"Kunc, Martin",2021.0,Journal,Futures and Forseight science,Discussion,No,https://doi.org/10.1002/ffo2.80,No,,,,,,,,,,,,,,,,,,
168,168,A systematic review of whole disease models for informing healthcare resource allocation decisions,"Jin, Huajie, Paul Tappenden, Xiaoxiao Ling, Stewart Robinson, and Sarah Byford",2023.0,Journal,Plos one,LR,No,https://journals.plos.org/plosone/article/file?id=10.1371/journal.pone.0291366&type=printable,No,,,,,,,,,,,,,,,,,,
169,169,Discrete event simulation for emergency department modelling: A systematic review of validation methods,"Doudareva, Evgueniia, and Michael Carter",2022.0,Journal,Operations Research for Health Care,LR,No,https://www.sciencedirect.com/science/article/pii/S2211692322000029?casa_token=ETsA_nPn_bQAAAAA:3nZyNWqS8w_Ky4r8Hf_lmACPrvLjVxMNMp2zbgeGTushFpzR7mwjEX9ONGzKaBXx6KfS0tyfkJOn,No,,,,,,,,,,,,,,,,,,
170,170,Enabling same-day delivery using a drone resupply model with transshipment points,"Moshref-Javadi, Mohammad, Kristof P. Van Cauwenberghe, Brent A. McCunney, and Ahmad Hemmati.",2023.0,Journal,Computational Management Science,Empirical,No,,Yes,,DES,,Yes,Yes,Yes,Yes,Yes,No,No,Simio,E-commerce,Logistics,,No but it has checklist,,,
171,171,A discrete-event simulation study for pre-hospital emergency systems,"Wang, Zilu, and Zhaolin Hu",2024.0,Journal,Journal of Simulation,Empirical,No,https://doi.org/10.1080/17477778.2024.2385994,Yes,,ABS,,Yes,Yes,Yes,Yes,Yes,Yes,Upon request,Python,Healthcare,Pre-hospital emergency systems,,Yes,,,
172,172,,,,,,,,,,,,,,,,,,,,,,,,,,,
173,173,,,,,,,,,,,,,,,,,,,,,,,,,,,
174,174,,,,,,,,,,,,,,,,,,,,,,,,,,,
